,NumberOfCells,Priors,Fitness,Stressor,Parameter,Algorithm,Replicate,Depth,TripletsCorrect
0,400,no_priors,no_fit,char,40,SNJ,0,0,1.0
1,400,no_priors,no_fit,char,40,SNJ,0,1,1.0
2,400,no_priors,no_fit,char,40,SNJ,0,2,0.486
3,400,no_priors,no_fit,char,40,SNJ,0,3,0.68
4,400,no_priors,no_fit,char,40,SNJ,0,4,0.8
5,400,no_priors,no_fit,char,40,SNJ,0,5,0.613
6,400,no_priors,no_fit,char,40,SNJ,0,6,0.851
7,400,no_priors,no_fit,char,40,SNJ,0,7,0.891
8,400,no_priors,no_fit,char,40,SNJ,0,8,0.735
9,400,no_priors,no_fit,char,40,SNJ,0,9,0.903
10,400,no_priors,no_fit,char,40,SNJ,0,10,0.888
11,400,no_priors,no_fit,char,40,SNJ,0,11,0.854
12,400,no_priors,no_fit,char,40,SNJ,0,12,0.367
13,400,no_priors,no_fit,char,40,SNJ,1,0,1.0
14,400,no_priors,no_fit,char,40,SNJ,1,1,0.5
15,400,no_priors,no_fit,char,40,SNJ,1,2,0.933
16,400,no_priors,no_fit,char,40,SNJ,1,3,0.92
17,400,no_priors,no_fit,char,40,SNJ,1,4,0.853
18,400,no_priors,no_fit,char,40,SNJ,1,5,0.829
19,400,no_priors,no_fit,char,40,SNJ,1,6,0.403
20,400,no_priors,no_fit,char,40,SNJ,1,7,0.439
21,400,no_priors,no_fit,char,40,SNJ,1,8,0.924
22,400,no_priors,no_fit,char,40,SNJ,1,9,0.508
23,400,no_priors,no_fit,char,40,SNJ,1,10,0.606
24,400,no_priors,no_fit,char,40,SNJ,1,11,0.697
25,400,no_priors,no_fit,char,40,SNJ,2,0,1.0
26,400,no_priors,no_fit,char,40,SNJ,2,1,1.0
27,400,no_priors,no_fit,char,40,SNJ,2,2,0.812
28,400,no_priors,no_fit,char,40,SNJ,2,3,0.655
29,400,no_priors,no_fit,char,40,SNJ,2,4,0.414
30,400,no_priors,no_fit,char,40,SNJ,2,5,0.535
31,400,no_priors,no_fit,char,40,SNJ,2,6,0.738
32,400,no_priors,no_fit,char,40,SNJ,2,7,0.726
33,400,no_priors,no_fit,char,40,SNJ,2,8,0.837
34,400,no_priors,no_fit,char,40,SNJ,2,9,0.602
35,400,no_priors,no_fit,char,40,SNJ,2,10,0.689
36,400,no_priors,no_fit,char,40,SNJ,2,11,0.599
37,400,no_priors,no_fit,char,40,SNJ,3,0,1.0
38,400,no_priors,no_fit,char,40,SNJ,3,1,0.473
39,400,no_priors,no_fit,char,40,SNJ,3,2,0.638
40,400,no_priors,no_fit,char,40,SNJ,3,3,0.804
41,400,no_priors,no_fit,char,40,SNJ,3,4,0.848
42,400,no_priors,no_fit,char,40,SNJ,3,5,0.524
43,400,no_priors,no_fit,char,40,SNJ,3,6,0.751
44,400,no_priors,no_fit,char,40,SNJ,3,7,0.867
45,400,no_priors,no_fit,char,40,SNJ,3,8,0.549
46,400,no_priors,no_fit,char,40,SNJ,3,9,0.706
47,400,no_priors,no_fit,char,40,SNJ,3,10,0.771
48,400,no_priors,no_fit,char,40,SNJ,3,11,0.859
49,400,no_priors,no_fit,char,40,SNJ,4,0,0.47
50,400,no_priors,no_fit,char,40,SNJ,4,1,0.88
51,400,no_priors,no_fit,char,40,SNJ,4,2,0.95
52,400,no_priors,no_fit,char,40,SNJ,4,3,0.994
53,400,no_priors,no_fit,char,40,SNJ,4,4,0.932
54,400,no_priors,no_fit,char,40,SNJ,4,5,0.95
55,400,no_priors,no_fit,char,40,SNJ,4,6,0.562
56,400,no_priors,no_fit,char,40,SNJ,4,7,0.832
57,400,no_priors,no_fit,char,40,SNJ,4,8,0.863
58,400,no_priors,no_fit,char,40,SNJ,4,9,0.498
59,400,no_priors,no_fit,char,40,SNJ,4,10,0.805
60,400,no_priors,no_fit,char,40,SNJ,4,11,0.942
61,400,no_priors,no_fit,char,40,SNJ,5,0,1.0
62,400,no_priors,no_fit,char,40,SNJ,5,1,0.993
63,400,no_priors,no_fit,char,40,SNJ,5,2,0.431
64,400,no_priors,no_fit,char,40,SNJ,5,3,0.832
65,400,no_priors,no_fit,char,40,SNJ,5,4,0.596
66,400,no_priors,no_fit,char,40,SNJ,5,5,0.763
67,400,no_priors,no_fit,char,40,SNJ,5,6,0.836
68,400,no_priors,no_fit,char,40,SNJ,5,7,0.7
69,400,no_priors,no_fit,char,40,SNJ,5,8,0.761
70,400,no_priors,no_fit,char,40,SNJ,5,9,0.672
71,400,no_priors,no_fit,char,40,SNJ,5,10,0.661
72,400,no_priors,no_fit,char,40,SNJ,6,0,0.537
73,400,no_priors,no_fit,char,40,SNJ,6,1,0.807
74,400,no_priors,no_fit,char,40,SNJ,6,2,0.991
75,400,no_priors,no_fit,char,40,SNJ,6,3,0.744
76,400,no_priors,no_fit,char,40,SNJ,6,4,0.807
77,400,no_priors,no_fit,char,40,SNJ,6,5,0.872
78,400,no_priors,no_fit,char,40,SNJ,6,6,0.783
79,400,no_priors,no_fit,char,40,SNJ,6,7,0.377
80,400,no_priors,no_fit,char,40,SNJ,6,8,0.817
81,400,no_priors,no_fit,char,40,SNJ,6,9,0.701
82,400,no_priors,no_fit,char,40,SNJ,6,10,0.596
83,400,no_priors,no_fit,char,40,SNJ,6,11,0.616
84,400,no_priors,no_fit,char,40,SNJ,6,12,0.683
85,400,no_priors,no_fit,char,40,SNJ,6,13,0.62
86,400,no_priors,no_fit,char,40,SNJ,6,14,0.447
87,400,no_priors,no_fit,char,40,SNJ,7,0,0.658
88,400,no_priors,no_fit,char,40,SNJ,7,1,0.998
89,400,no_priors,no_fit,char,40,SNJ,7,2,0.638
90,400,no_priors,no_fit,char,40,SNJ,7,3,0.715
91,400,no_priors,no_fit,char,40,SNJ,7,4,0.656
92,400,no_priors,no_fit,char,40,SNJ,7,5,0.852
93,400,no_priors,no_fit,char,40,SNJ,7,6,0.744
94,400,no_priors,no_fit,char,40,SNJ,7,7,0.778
95,400,no_priors,no_fit,char,40,SNJ,7,8,0.626
96,400,no_priors,no_fit,char,40,SNJ,7,9,0.619
97,400,no_priors,no_fit,char,40,SNJ,7,10,0.703
98,400,no_priors,no_fit,char,40,SNJ,7,11,0.779
99,400,no_priors,no_fit,char,40,SNJ,8,0,1.0
100,400,no_priors,no_fit,char,40,SNJ,8,1,0.991
101,400,no_priors,no_fit,char,40,SNJ,8,2,0.574
102,400,no_priors,no_fit,char,40,SNJ,8,3,0.416
103,400,no_priors,no_fit,char,40,SNJ,8,4,0.675
104,400,no_priors,no_fit,char,40,SNJ,8,5,0.521
105,400,no_priors,no_fit,char,40,SNJ,8,6,0.8
106,400,no_priors,no_fit,char,40,SNJ,8,7,0.662
107,400,no_priors,no_fit,char,40,SNJ,8,8,0.689
108,400,no_priors,no_fit,char,40,SNJ,8,9,0.695
109,400,no_priors,no_fit,char,40,SNJ,8,10,0.823
110,400,no_priors,no_fit,char,40,SNJ,8,11,0.546
111,400,no_priors,no_fit,char,40,SNJ,9,0,0.741
112,400,no_priors,no_fit,char,40,SNJ,9,1,0.913
113,400,no_priors,no_fit,char,40,SNJ,9,2,0.948
114,400,no_priors,no_fit,char,40,SNJ,9,3,0.761
115,400,no_priors,no_fit,char,40,SNJ,9,4,0.996
116,400,no_priors,no_fit,char,40,SNJ,9,5,0.895
117,400,no_priors,no_fit,char,40,SNJ,9,6,0.881
118,400,no_priors,no_fit,char,40,SNJ,9,7,0.7
119,400,no_priors,no_fit,char,40,SNJ,9,8,0.842
120,400,no_priors,no_fit,char,40,SNJ,9,9,0.939
121,400,no_priors,no_fit,char,40,SNJ,9,10,0.778
122,400,no_priors,no_fit,char,40,SNJ,9,11,0.787
123,400,no_priors,no_fit,char,40,SNJ,10,0,1.0
124,400,no_priors,no_fit,char,40,SNJ,10,1,0.786
125,400,no_priors,no_fit,char,40,SNJ,10,2,1.0
126,400,no_priors,no_fit,char,40,SNJ,10,3,0.402
127,400,no_priors,no_fit,char,40,SNJ,10,4,0.616
128,400,no_priors,no_fit,char,40,SNJ,10,5,0.827
129,400,no_priors,no_fit,char,40,SNJ,10,6,0.414
130,400,no_priors,no_fit,char,40,SNJ,10,7,0.607
131,400,no_priors,no_fit,char,40,SNJ,10,8,0.616
132,400,no_priors,no_fit,char,40,SNJ,10,9,0.587
133,400,no_priors,no_fit,char,40,SNJ,10,10,0.57
134,400,no_priors,no_fit,char,40,SNJ,10,11,0.553
135,400,no_priors,no_fit,char,40,SNJ,10,12,0.417
136,400,no_priors,no_fit,char,40,SNJ,10,13,0.477
137,400,no_priors,no_fit,char,40,SNJ,11,0,0.613
138,400,no_priors,no_fit,char,40,SNJ,11,1,0.602
139,400,no_priors,no_fit,char,40,SNJ,11,2,0.995
140,400,no_priors,no_fit,char,40,SNJ,11,3,0.626
141,400,no_priors,no_fit,char,40,SNJ,11,4,0.852
142,400,no_priors,no_fit,char,40,SNJ,11,5,0.801
143,400,no_priors,no_fit,char,40,SNJ,11,6,0.683
144,400,no_priors,no_fit,char,40,SNJ,11,7,0.732
145,400,no_priors,no_fit,char,40,SNJ,11,8,0.876
146,400,no_priors,no_fit,char,40,SNJ,11,9,0.697
147,400,no_priors,no_fit,char,40,SNJ,11,10,0.736
148,400,no_priors,no_fit,char,40,SNJ,11,11,0.677
149,400,no_priors,no_fit,char,40,SNJ,11,12,0.887
150,400,no_priors,no_fit,char,40,SNJ,12,0,0.639
151,400,no_priors,no_fit,char,40,SNJ,12,1,0.643
152,400,no_priors,no_fit,char,40,SNJ,12,2,0.732
153,400,no_priors,no_fit,char,40,SNJ,12,3,0.834
154,400,no_priors,no_fit,char,40,SNJ,12,4,0.667
155,400,no_priors,no_fit,char,40,SNJ,12,5,0.783
156,400,no_priors,no_fit,char,40,SNJ,12,6,0.697
157,400,no_priors,no_fit,char,40,SNJ,12,7,0.664
158,400,no_priors,no_fit,char,40,SNJ,12,8,0.734
159,400,no_priors,no_fit,char,40,SNJ,12,9,0.655
160,400,no_priors,no_fit,char,40,SNJ,12,10,0.74
161,400,no_priors,no_fit,char,40,SNJ,12,11,0.746
162,400,no_priors,no_fit,char,40,SNJ,13,0,1.0
163,400,no_priors,no_fit,char,40,SNJ,13,1,0.991
164,400,no_priors,no_fit,char,40,SNJ,13,2,0.931
165,400,no_priors,no_fit,char,40,SNJ,13,3,0.731
166,400,no_priors,no_fit,char,40,SNJ,13,4,0.888
167,400,no_priors,no_fit,char,40,SNJ,13,5,0.5
168,400,no_priors,no_fit,char,40,SNJ,13,6,0.793
169,400,no_priors,no_fit,char,40,SNJ,13,7,0.727
170,400,no_priors,no_fit,char,40,SNJ,13,8,0.673
171,400,no_priors,no_fit,char,40,SNJ,13,9,0.83
172,400,no_priors,no_fit,char,40,SNJ,13,10,0.535
173,400,no_priors,no_fit,char,40,SNJ,13,11,0.779
174,400,no_priors,no_fit,char,40,SNJ,13,12,0.952
175,400,no_priors,no_fit,char,40,SNJ,14,0,1.0
176,400,no_priors,no_fit,char,40,SNJ,14,1,0.721
177,400,no_priors,no_fit,char,40,SNJ,14,2,1.0
178,400,no_priors,no_fit,char,40,SNJ,14,3,0.939
179,400,no_priors,no_fit,char,40,SNJ,14,4,0.824
180,400,no_priors,no_fit,char,40,SNJ,14,5,0.82
181,400,no_priors,no_fit,char,40,SNJ,14,6,0.759
182,400,no_priors,no_fit,char,40,SNJ,14,7,0.666
183,400,no_priors,no_fit,char,40,SNJ,14,8,0.839
184,400,no_priors,no_fit,char,40,SNJ,14,9,0.672
185,400,no_priors,no_fit,char,40,SNJ,14,10,0.756
186,400,no_priors,no_fit,char,40,SNJ,14,11,0.631
187,400,no_priors,no_fit,char,40,SNJ,14,12,0.673
188,400,no_priors,no_fit,char,40,SNJ,14,13,0.435
189,400,no_priors,no_fit,char,40,SNJ,15,0,0.757
190,400,no_priors,no_fit,char,40,SNJ,15,1,1.0
191,400,no_priors,no_fit,char,40,SNJ,15,2,0.84
192,400,no_priors,no_fit,char,40,SNJ,15,3,0.947
193,400,no_priors,no_fit,char,40,SNJ,15,4,0.839
194,400,no_priors,no_fit,char,40,SNJ,15,5,0.981
195,400,no_priors,no_fit,char,40,SNJ,15,6,0.91
196,400,no_priors,no_fit,char,40,SNJ,15,7,0.829
197,400,no_priors,no_fit,char,40,SNJ,15,8,0.44
198,400,no_priors,no_fit,char,40,SNJ,15,9,0.668
199,400,no_priors,no_fit,char,40,SNJ,15,10,0.548
200,400,no_priors,no_fit,char,40,SNJ,15,11,0.485
201,400,no_priors,no_fit,char,40,SNJ,16,0,0.545
202,400,no_priors,no_fit,char,40,SNJ,16,1,0.661
203,400,no_priors,no_fit,char,40,SNJ,16,2,0.985
204,400,no_priors,no_fit,char,40,SNJ,16,3,0.891
205,400,no_priors,no_fit,char,40,SNJ,16,4,0.787
206,400,no_priors,no_fit,char,40,SNJ,16,5,0.712
207,400,no_priors,no_fit,char,40,SNJ,16,6,0.669
208,400,no_priors,no_fit,char,40,SNJ,16,7,0.625
209,400,no_priors,no_fit,char,40,SNJ,16,8,0.688
210,400,no_priors,no_fit,char,40,SNJ,16,9,0.59
211,400,no_priors,no_fit,char,40,SNJ,16,10,0.545
212,400,no_priors,no_fit,char,40,SNJ,17,0,1.0
213,400,no_priors,no_fit,char,40,SNJ,17,1,0.687
214,400,no_priors,no_fit,char,40,SNJ,17,2,0.889
215,400,no_priors,no_fit,char,40,SNJ,17,3,0.496
216,400,no_priors,no_fit,char,40,SNJ,17,4,0.523
217,400,no_priors,no_fit,char,40,SNJ,17,5,0.784
218,400,no_priors,no_fit,char,40,SNJ,17,6,0.74
219,400,no_priors,no_fit,char,40,SNJ,17,7,0.551
220,400,no_priors,no_fit,char,40,SNJ,17,8,0.705
221,400,no_priors,no_fit,char,40,SNJ,17,9,0.56
222,400,no_priors,no_fit,char,40,SNJ,17,10,0.446
223,400,no_priors,no_fit,char,40,SNJ,17,11,0.454
224,400,no_priors,no_fit,char,40,SNJ,18,0,0.582
225,400,no_priors,no_fit,char,40,SNJ,18,1,0.659
226,400,no_priors,no_fit,char,40,SNJ,18,2,0.991
227,400,no_priors,no_fit,char,40,SNJ,18,3,0.549
228,400,no_priors,no_fit,char,40,SNJ,18,4,0.848
229,400,no_priors,no_fit,char,40,SNJ,18,5,0.815
230,400,no_priors,no_fit,char,40,SNJ,18,6,0.932
231,400,no_priors,no_fit,char,40,SNJ,18,7,0.792
232,400,no_priors,no_fit,char,40,SNJ,18,8,0.809
233,400,no_priors,no_fit,char,40,SNJ,18,9,0.527
234,400,no_priors,no_fit,char,40,SNJ,18,10,0.386
235,400,no_priors,no_fit,char,40,SNJ,18,11,0.406
236,400,no_priors,no_fit,char,40,SNJ,18,12,0.692
237,400,no_priors,no_fit,char,40,SNJ,19,0,0.785
238,400,no_priors,no_fit,char,40,SNJ,19,1,0.928
239,400,no_priors,no_fit,char,40,SNJ,19,2,0.907
240,400,no_priors,no_fit,char,40,SNJ,19,3,0.678
241,400,no_priors,no_fit,char,40,SNJ,19,4,0.592
242,400,no_priors,no_fit,char,40,SNJ,19,5,0.879
243,400,no_priors,no_fit,char,40,SNJ,19,6,0.747
244,400,no_priors,no_fit,char,40,SNJ,19,7,0.838
245,400,no_priors,no_fit,char,40,SNJ,19,8,0.875
246,400,no_priors,no_fit,char,40,SNJ,19,9,0.794
247,400,no_priors,no_fit,char,40,SNJ,19,10,0.908
248,400,no_priors,no_fit,char,40,SNJ,19,11,0.764
249,400,no_priors,no_fit,char,40,SNJ,20,0,0.815
250,400,no_priors,no_fit,char,40,SNJ,20,1,0.676
251,400,no_priors,no_fit,char,40,SNJ,20,2,0.928
252,400,no_priors,no_fit,char,40,SNJ,20,3,0.861
253,400,no_priors,no_fit,char,40,SNJ,20,4,0.808
254,400,no_priors,no_fit,char,40,SNJ,20,5,0.547
255,400,no_priors,no_fit,char,40,SNJ,20,6,0.67
256,400,no_priors,no_fit,char,40,SNJ,20,7,0.849
257,400,no_priors,no_fit,char,40,SNJ,20,8,0.788
258,400,no_priors,no_fit,char,40,SNJ,20,9,0.949
259,400,no_priors,no_fit,char,40,SNJ,20,10,0.834
260,400,no_priors,no_fit,char,40,SNJ,20,11,0.974
261,400,no_priors,no_fit,char,40,SNJ,20,12,1.0
262,400,no_priors,no_fit,char,40,SNJ,21,0,0.625
263,400,no_priors,no_fit,char,40,SNJ,21,1,0.804
264,400,no_priors,no_fit,char,40,SNJ,21,2,0.838
265,400,no_priors,no_fit,char,40,SNJ,21,3,0.998
266,400,no_priors,no_fit,char,40,SNJ,21,4,0.98
267,400,no_priors,no_fit,char,40,SNJ,21,5,0.834
268,400,no_priors,no_fit,char,40,SNJ,21,6,0.898
269,400,no_priors,no_fit,char,40,SNJ,21,7,0.57
270,400,no_priors,no_fit,char,40,SNJ,21,8,0.935
271,400,no_priors,no_fit,char,40,SNJ,21,9,0.635
272,400,no_priors,no_fit,char,40,SNJ,21,10,0.478
273,400,no_priors,no_fit,char,40,SNJ,21,11,0.625
274,400,no_priors,no_fit,char,40,SNJ,21,12,0.424
275,400,no_priors,no_fit,char,40,SNJ,21,13,0.697
276,400,no_priors,no_fit,char,40,SNJ,22,0,0.969
277,400,no_priors,no_fit,char,40,SNJ,22,1,0.789
278,400,no_priors,no_fit,char,40,SNJ,22,2,0.991
279,400,no_priors,no_fit,char,40,SNJ,22,3,0.96
280,400,no_priors,no_fit,char,40,SNJ,22,4,0.475
281,400,no_priors,no_fit,char,40,SNJ,22,5,0.75
282,400,no_priors,no_fit,char,40,SNJ,22,6,0.849
283,400,no_priors,no_fit,char,40,SNJ,22,7,0.505
284,400,no_priors,no_fit,char,40,SNJ,22,8,0.441
285,400,no_priors,no_fit,char,40,SNJ,22,9,0.398
286,400,no_priors,no_fit,char,40,SNJ,22,10,0.534
287,400,no_priors,no_fit,char,40,SNJ,22,11,0.793
288,400,no_priors,no_fit,char,40,SNJ,22,12,0.607
289,400,no_priors,no_fit,char,40,SNJ,23,0,1.0
290,400,no_priors,no_fit,char,40,SNJ,23,1,0.493
291,400,no_priors,no_fit,char,40,SNJ,23,2,0.898
292,400,no_priors,no_fit,char,40,SNJ,23,3,0.827
293,400,no_priors,no_fit,char,40,SNJ,23,4,0.832
294,400,no_priors,no_fit,char,40,SNJ,23,5,0.767
295,400,no_priors,no_fit,char,40,SNJ,23,6,0.725
296,400,no_priors,no_fit,char,40,SNJ,23,7,0.358
297,400,no_priors,no_fit,char,40,SNJ,23,8,0.468
298,400,no_priors,no_fit,char,40,SNJ,23,9,0.664
299,400,no_priors,no_fit,char,40,SNJ,23,10,0.615
300,400,no_priors,no_fit,char,40,SNJ,24,0,0.606
301,400,no_priors,no_fit,char,40,SNJ,24,1,1.0
302,400,no_priors,no_fit,char,40,SNJ,24,2,0.977
303,400,no_priors,no_fit,char,40,SNJ,24,3,0.834
304,400,no_priors,no_fit,char,40,SNJ,24,4,0.769
305,400,no_priors,no_fit,char,40,SNJ,24,5,0.922
306,400,no_priors,no_fit,char,40,SNJ,24,6,0.979
307,400,no_priors,no_fit,char,40,SNJ,24,7,0.664
308,400,no_priors,no_fit,char,40,SNJ,24,8,0.753
309,400,no_priors,no_fit,char,40,SNJ,24,9,0.751
310,400,no_priors,no_fit,char,40,SNJ,24,10,0.643
311,400,no_priors,no_fit,char,40,SNJ,24,11,0.792
312,400,no_priors,no_fit,char,40,SNJ,24,12,0.698
313,400,no_priors,no_fit,char,40,SNJ,25,0,1.0
314,400,no_priors,no_fit,char,40,SNJ,25,1,0.496
315,400,no_priors,no_fit,char,40,SNJ,25,2,0.558
316,400,no_priors,no_fit,char,40,SNJ,25,3,0.579
317,400,no_priors,no_fit,char,40,SNJ,25,4,0.964
318,400,no_priors,no_fit,char,40,SNJ,25,5,0.963
319,400,no_priors,no_fit,char,40,SNJ,25,6,0.502
320,400,no_priors,no_fit,char,40,SNJ,25,7,0.77
321,400,no_priors,no_fit,char,40,SNJ,25,8,0.681
322,400,no_priors,no_fit,char,40,SNJ,25,9,0.797
323,400,no_priors,no_fit,char,40,SNJ,25,10,0.81
324,400,no_priors,no_fit,char,40,SNJ,26,0,1.0
325,400,no_priors,no_fit,char,40,SNJ,26,1,1.0
326,400,no_priors,no_fit,char,40,SNJ,26,2,0.956
327,400,no_priors,no_fit,char,40,SNJ,26,3,0.925
328,400,no_priors,no_fit,char,40,SNJ,26,4,0.624
329,400,no_priors,no_fit,char,40,SNJ,26,5,0.666
330,400,no_priors,no_fit,char,40,SNJ,26,6,0.462
331,400,no_priors,no_fit,char,40,SNJ,26,7,0.597
332,400,no_priors,no_fit,char,40,SNJ,26,8,0.596
333,400,no_priors,no_fit,char,40,SNJ,26,9,0.578
334,400,no_priors,no_fit,char,40,SNJ,26,10,0.407
335,400,no_priors,no_fit,char,40,SNJ,27,0,1.0
336,400,no_priors,no_fit,char,40,SNJ,27,1,0.848
337,400,no_priors,no_fit,char,40,SNJ,27,2,0.714
338,400,no_priors,no_fit,char,40,SNJ,27,3,0.665
339,400,no_priors,no_fit,char,40,SNJ,27,4,0.951
340,400,no_priors,no_fit,char,40,SNJ,27,5,0.563
341,400,no_priors,no_fit,char,40,SNJ,27,6,0.564
342,400,no_priors,no_fit,char,40,SNJ,27,7,0.903
343,400,no_priors,no_fit,char,40,SNJ,27,8,0.779
344,400,no_priors,no_fit,char,40,SNJ,27,9,0.825
345,400,no_priors,no_fit,char,40,SNJ,27,10,0.529
346,400,no_priors,no_fit,char,40,SNJ,27,11,0.516
347,400,no_priors,no_fit,char,40,SNJ,28,0,0.776
348,400,no_priors,no_fit,char,40,SNJ,28,1,1.0
349,400,no_priors,no_fit,char,40,SNJ,28,2,0.701
350,400,no_priors,no_fit,char,40,SNJ,28,3,0.893
351,400,no_priors,no_fit,char,40,SNJ,28,4,0.324
352,400,no_priors,no_fit,char,40,SNJ,28,5,0.518
353,400,no_priors,no_fit,char,40,SNJ,28,6,0.637
354,400,no_priors,no_fit,char,40,SNJ,28,7,0.777
355,400,no_priors,no_fit,char,40,SNJ,28,8,0.689
356,400,no_priors,no_fit,char,40,SNJ,28,9,0.76
357,400,no_priors,no_fit,char,40,SNJ,28,10,0.551
358,400,no_priors,no_fit,char,40,SNJ,28,11,0.792
359,400,no_priors,no_fit,char,40,SNJ,29,0,1.0
360,400,no_priors,no_fit,char,40,SNJ,29,1,0.651
361,400,no_priors,no_fit,char,40,SNJ,29,2,0.983
362,400,no_priors,no_fit,char,40,SNJ,29,3,0.77
363,400,no_priors,no_fit,char,40,SNJ,29,4,0.839
364,400,no_priors,no_fit,char,40,SNJ,29,5,0.712
365,400,no_priors,no_fit,char,40,SNJ,29,6,0.488
366,400,no_priors,no_fit,char,40,SNJ,29,7,0.496
367,400,no_priors,no_fit,char,40,SNJ,29,8,0.542
368,400,no_priors,no_fit,char,40,SNJ,29,9,0.559
369,400,no_priors,no_fit,char,40,SNJ,29,10,0.611
370,400,no_priors,no_fit,char,40,SNJ,29,11,0.96
371,400,no_priors,no_fit,char,40,SNJ,29,12,0.469
372,400,no_priors,no_fit,char,40,SNJ,29,13,0.769
373,400,no_priors,no_fit,char,40,SNJ,30,0,0.675
374,400,no_priors,no_fit,char,40,SNJ,30,1,0.828
375,400,no_priors,no_fit,char,40,SNJ,30,2,0.678
376,400,no_priors,no_fit,char,40,SNJ,30,3,1.0
377,400,no_priors,no_fit,char,40,SNJ,30,4,0.789
378,400,no_priors,no_fit,char,40,SNJ,30,5,0.977
379,400,no_priors,no_fit,char,40,SNJ,30,6,0.519
380,400,no_priors,no_fit,char,40,SNJ,30,7,0.568
381,400,no_priors,no_fit,char,40,SNJ,30,8,0.427
382,400,no_priors,no_fit,char,40,SNJ,30,9,0.355
383,400,no_priors,no_fit,char,40,SNJ,30,10,0.663
384,400,no_priors,no_fit,char,40,SNJ,30,11,0.607
385,400,no_priors,no_fit,char,40,SNJ,30,12,0.623
386,400,no_priors,no_fit,char,40,SNJ,30,13,0.561
387,400,no_priors,no_fit,char,40,SNJ,31,0,0.917
388,400,no_priors,no_fit,char,40,SNJ,31,1,0.476
389,400,no_priors,no_fit,char,40,SNJ,31,2,0.668
390,400,no_priors,no_fit,char,40,SNJ,31,3,0.704
391,400,no_priors,no_fit,char,40,SNJ,31,4,0.624
392,400,no_priors,no_fit,char,40,SNJ,31,5,0.78
393,400,no_priors,no_fit,char,40,SNJ,31,6,0.956
394,400,no_priors,no_fit,char,40,SNJ,31,7,0.534
395,400,no_priors,no_fit,char,40,SNJ,31,8,0.694
396,400,no_priors,no_fit,char,40,SNJ,31,9,0.545
397,400,no_priors,no_fit,char,40,SNJ,31,10,0.533
398,400,no_priors,no_fit,char,40,SNJ,31,11,0.577
399,400,no_priors,no_fit,char,40,SNJ,31,12,0.51
400,400,no_priors,no_fit,char,40,SNJ,31,13,0.781
401,400,no_priors,no_fit,char,40,SNJ,32,0,0.857
402,400,no_priors,no_fit,char,40,SNJ,32,1,0.467
403,400,no_priors,no_fit,char,40,SNJ,32,2,0.509
404,400,no_priors,no_fit,char,40,SNJ,32,3,0.691
405,400,no_priors,no_fit,char,40,SNJ,32,4,0.862
406,400,no_priors,no_fit,char,40,SNJ,32,5,0.911
407,400,no_priors,no_fit,char,40,SNJ,32,6,0.634
408,400,no_priors,no_fit,char,40,SNJ,32,7,0.709
409,400,no_priors,no_fit,char,40,SNJ,32,8,0.749
410,400,no_priors,no_fit,char,40,SNJ,32,9,0.846
411,400,no_priors,no_fit,char,40,SNJ,32,10,0.903
412,400,no_priors,no_fit,char,40,SNJ,32,11,0.711
413,400,no_priors,no_fit,char,40,SNJ,32,12,0.871
414,400,no_priors,no_fit,char,40,SNJ,33,0,0.936
415,400,no_priors,no_fit,char,40,SNJ,33,1,0.924
416,400,no_priors,no_fit,char,40,SNJ,33,2,0.508
417,400,no_priors,no_fit,char,40,SNJ,33,3,0.422
418,400,no_priors,no_fit,char,40,SNJ,33,4,0.733
419,400,no_priors,no_fit,char,40,SNJ,33,5,0.939
420,400,no_priors,no_fit,char,40,SNJ,33,6,0.589
421,400,no_priors,no_fit,char,40,SNJ,33,7,0.621
422,400,no_priors,no_fit,char,40,SNJ,33,8,0.483
423,400,no_priors,no_fit,char,40,SNJ,33,9,0.558
424,400,no_priors,no_fit,char,40,SNJ,33,10,0.778
425,400,no_priors,no_fit,char,40,SNJ,33,11,0.723
426,400,no_priors,no_fit,char,40,SNJ,33,12,0.871
427,400,no_priors,no_fit,char,40,SNJ,34,0,0.78
428,400,no_priors,no_fit,char,40,SNJ,34,1,0.968
429,400,no_priors,no_fit,char,40,SNJ,34,2,0.697
430,400,no_priors,no_fit,char,40,SNJ,34,3,0.835
431,400,no_priors,no_fit,char,40,SNJ,34,4,0.951
432,400,no_priors,no_fit,char,40,SNJ,34,5,0.886
433,400,no_priors,no_fit,char,40,SNJ,34,6,0.535
434,400,no_priors,no_fit,char,40,SNJ,34,7,0.681
435,400,no_priors,no_fit,char,40,SNJ,34,8,0.867
436,400,no_priors,no_fit,char,40,SNJ,34,9,0.941
437,400,no_priors,no_fit,char,40,SNJ,34,10,0.652
438,400,no_priors,no_fit,char,40,SNJ,34,11,0.711
439,400,no_priors,no_fit,char,40,SNJ,34,12,0.772
440,400,no_priors,no_fit,char,40,SNJ,35,0,1.0
441,400,no_priors,no_fit,char,40,SNJ,35,1,0.88
442,400,no_priors,no_fit,char,40,SNJ,35,2,0.965
443,400,no_priors,no_fit,char,40,SNJ,35,3,0.939
444,400,no_priors,no_fit,char,40,SNJ,35,4,0.952
445,400,no_priors,no_fit,char,40,SNJ,35,5,0.303
446,400,no_priors,no_fit,char,40,SNJ,35,6,0.456
447,400,no_priors,no_fit,char,40,SNJ,35,7,0.658
448,400,no_priors,no_fit,char,40,SNJ,35,8,0.704
449,400,no_priors,no_fit,char,40,SNJ,35,9,0.642
450,400,no_priors,no_fit,char,40,SNJ,35,10,0.869
451,400,no_priors,no_fit,char,40,SNJ,35,11,0.632
452,400,no_priors,no_fit,char,40,SNJ,35,12,0.587
453,400,no_priors,no_fit,char,40,SNJ,36,0,1.0
454,400,no_priors,no_fit,char,40,SNJ,36,1,0.608
455,400,no_priors,no_fit,char,40,SNJ,36,2,0.681
456,400,no_priors,no_fit,char,40,SNJ,36,3,0.78
457,400,no_priors,no_fit,char,40,SNJ,36,4,0.642
458,400,no_priors,no_fit,char,40,SNJ,36,5,0.8
459,400,no_priors,no_fit,char,40,SNJ,36,6,0.649
460,400,no_priors,no_fit,char,40,SNJ,36,7,0.64
461,400,no_priors,no_fit,char,40,SNJ,36,8,0.664
462,400,no_priors,no_fit,char,40,SNJ,36,9,0.733
463,400,no_priors,no_fit,char,40,SNJ,36,10,0.801
464,400,no_priors,no_fit,char,40,SNJ,36,11,0.784
465,400,no_priors,no_fit,char,40,SNJ,37,0,1.0
466,400,no_priors,no_fit,char,40,SNJ,37,1,0.901
467,400,no_priors,no_fit,char,40,SNJ,37,2,0.588
468,400,no_priors,no_fit,char,40,SNJ,37,3,0.965
469,400,no_priors,no_fit,char,40,SNJ,37,4,0.728
470,400,no_priors,no_fit,char,40,SNJ,37,5,0.634
471,400,no_priors,no_fit,char,40,SNJ,37,6,0.847
472,400,no_priors,no_fit,char,40,SNJ,37,7,0.609
473,400,no_priors,no_fit,char,40,SNJ,37,8,0.754
474,400,no_priors,no_fit,char,40,SNJ,37,9,0.739
475,400,no_priors,no_fit,char,40,SNJ,37,10,0.713
476,400,no_priors,no_fit,char,40,SNJ,37,11,0.849
477,400,no_priors,no_fit,char,40,SNJ,38,0,0.956
478,400,no_priors,no_fit,char,40,SNJ,38,1,0.945
479,400,no_priors,no_fit,char,40,SNJ,38,2,0.999
480,400,no_priors,no_fit,char,40,SNJ,38,3,0.578
481,400,no_priors,no_fit,char,40,SNJ,38,4,0.46
482,400,no_priors,no_fit,char,40,SNJ,38,5,0.678
483,400,no_priors,no_fit,char,40,SNJ,38,6,0.627
484,400,no_priors,no_fit,char,40,SNJ,38,7,0.867
485,400,no_priors,no_fit,char,40,SNJ,38,8,0.598
486,400,no_priors,no_fit,char,40,SNJ,38,9,0.797
487,400,no_priors,no_fit,char,40,SNJ,38,10,0.893
488,400,no_priors,no_fit,char,40,SNJ,38,11,0.765
489,400,no_priors,no_fit,char,40,SNJ,38,12,0.917
490,400,no_priors,no_fit,char,40,SNJ,39,0,1.0
491,400,no_priors,no_fit,char,40,SNJ,39,1,1.0
492,400,no_priors,no_fit,char,40,SNJ,39,2,0.647
493,400,no_priors,no_fit,char,40,SNJ,39,3,0.629
494,400,no_priors,no_fit,char,40,SNJ,39,4,0.802
495,400,no_priors,no_fit,char,40,SNJ,39,5,0.769
496,400,no_priors,no_fit,char,40,SNJ,39,6,0.8
497,400,no_priors,no_fit,char,40,SNJ,39,7,0.841
498,400,no_priors,no_fit,char,40,SNJ,39,8,0.669
499,400,no_priors,no_fit,char,40,SNJ,39,9,0.632
500,400,no_priors,no_fit,char,40,SNJ,39,10,0.863
501,400,no_priors,no_fit,char,40,SNJ,40,0,1.0
502,400,no_priors,no_fit,char,40,SNJ,40,1,0.523
503,400,no_priors,no_fit,char,40,SNJ,40,2,0.518
504,400,no_priors,no_fit,char,40,SNJ,40,3,0.675
505,400,no_priors,no_fit,char,40,SNJ,40,4,0.644
506,400,no_priors,no_fit,char,40,SNJ,40,5,0.666
507,400,no_priors,no_fit,char,40,SNJ,40,6,0.739
508,400,no_priors,no_fit,char,40,SNJ,40,7,0.754
509,400,no_priors,no_fit,char,40,SNJ,40,8,0.647
510,400,no_priors,no_fit,char,40,SNJ,40,9,0.586
511,400,no_priors,no_fit,char,40,SNJ,40,10,0.581
512,400,no_priors,no_fit,char,40,SNJ,40,11,0.677
513,400,no_priors,no_fit,char,40,SNJ,41,0,1.0
514,400,no_priors,no_fit,char,40,SNJ,41,1,1.0
515,400,no_priors,no_fit,char,40,SNJ,41,2,0.582
516,400,no_priors,no_fit,char,40,SNJ,41,3,0.808
517,400,no_priors,no_fit,char,40,SNJ,41,4,0.793
518,400,no_priors,no_fit,char,40,SNJ,41,5,0.807
519,400,no_priors,no_fit,char,40,SNJ,41,6,0.531
520,400,no_priors,no_fit,char,40,SNJ,41,7,0.768
521,400,no_priors,no_fit,char,40,SNJ,41,8,0.888
522,400,no_priors,no_fit,char,40,SNJ,41,9,0.796
523,400,no_priors,no_fit,char,40,SNJ,41,10,0.826
524,400,no_priors,no_fit,char,40,SNJ,41,11,0.883
525,400,no_priors,no_fit,char,40,SNJ,41,12,0.587
526,400,no_priors,no_fit,char,40,SNJ,42,0,0.682
527,400,no_priors,no_fit,char,40,SNJ,42,1,1.0
528,400,no_priors,no_fit,char,40,SNJ,42,2,0.921
529,400,no_priors,no_fit,char,40,SNJ,42,3,0.632
530,400,no_priors,no_fit,char,40,SNJ,42,4,0.641
531,400,no_priors,no_fit,char,40,SNJ,42,5,0.523
532,400,no_priors,no_fit,char,40,SNJ,42,6,0.51
533,400,no_priors,no_fit,char,40,SNJ,42,7,0.563
534,400,no_priors,no_fit,char,40,SNJ,42,8,0.433
535,400,no_priors,no_fit,char,40,SNJ,42,9,0.731
536,400,no_priors,no_fit,char,40,SNJ,42,10,0.681
537,400,no_priors,no_fit,char,40,SNJ,42,11,0.763
538,400,no_priors,no_fit,char,40,SNJ,42,12,0.689
539,400,no_priors,no_fit,char,40,SNJ,43,0,1.0
540,400,no_priors,no_fit,char,40,SNJ,43,1,1.0
541,400,no_priors,no_fit,char,40,SNJ,43,2,0.646
542,400,no_priors,no_fit,char,40,SNJ,43,3,0.617
543,400,no_priors,no_fit,char,40,SNJ,43,4,0.306
544,400,no_priors,no_fit,char,40,SNJ,43,5,0.407
545,400,no_priors,no_fit,char,40,SNJ,43,6,0.531
546,400,no_priors,no_fit,char,40,SNJ,43,7,0.758
547,400,no_priors,no_fit,char,40,SNJ,43,8,0.752
548,400,no_priors,no_fit,char,40,SNJ,43,9,0.733
549,400,no_priors,no_fit,char,40,SNJ,43,10,0.715
550,400,no_priors,no_fit,char,40,SNJ,43,11,0.821
551,400,no_priors,no_fit,char,40,SNJ,44,0,0.433
552,400,no_priors,no_fit,char,40,SNJ,44,1,0.92
553,400,no_priors,no_fit,char,40,SNJ,44,2,0.888
554,400,no_priors,no_fit,char,40,SNJ,44,3,0.605
555,400,no_priors,no_fit,char,40,SNJ,44,4,0.814
556,400,no_priors,no_fit,char,40,SNJ,44,5,0.754
557,400,no_priors,no_fit,char,40,SNJ,44,6,0.512
558,400,no_priors,no_fit,char,40,SNJ,44,7,0.79
559,400,no_priors,no_fit,char,40,SNJ,44,8,0.598
560,400,no_priors,no_fit,char,40,SNJ,44,9,0.668
561,400,no_priors,no_fit,char,40,SNJ,44,10,0.59
562,400,no_priors,no_fit,char,40,SNJ,45,0,0.488
563,400,no_priors,no_fit,char,40,SNJ,45,1,0.746
564,400,no_priors,no_fit,char,40,SNJ,45,2,0.818
565,400,no_priors,no_fit,char,40,SNJ,45,3,0.702
566,400,no_priors,no_fit,char,40,SNJ,45,4,0.944
567,400,no_priors,no_fit,char,40,SNJ,45,5,0.557
568,400,no_priors,no_fit,char,40,SNJ,45,6,0.664
569,400,no_priors,no_fit,char,40,SNJ,45,7,0.639
570,400,no_priors,no_fit,char,40,SNJ,45,8,0.609
571,400,no_priors,no_fit,char,40,SNJ,45,9,0.823
572,400,no_priors,no_fit,char,40,SNJ,45,10,0.545
573,400,no_priors,no_fit,char,40,SNJ,45,11,0.775
574,400,no_priors,no_fit,char,40,SNJ,45,12,0.71
575,400,no_priors,no_fit,char,40,SNJ,46,0,0.745
576,400,no_priors,no_fit,char,40,SNJ,46,1,0.925
577,400,no_priors,no_fit,char,40,SNJ,46,2,0.812
578,400,no_priors,no_fit,char,40,SNJ,46,3,0.5
579,400,no_priors,no_fit,char,40,SNJ,46,4,0.605
580,400,no_priors,no_fit,char,40,SNJ,46,5,0.825
581,400,no_priors,no_fit,char,40,SNJ,46,6,0.791
582,400,no_priors,no_fit,char,40,SNJ,46,7,0.696
583,400,no_priors,no_fit,char,40,SNJ,46,8,0.902
584,400,no_priors,no_fit,char,40,SNJ,46,9,0.808
585,400,no_priors,no_fit,char,40,SNJ,46,10,0.801
586,400,no_priors,no_fit,char,40,SNJ,46,11,0.793
587,400,no_priors,no_fit,char,40,SNJ,47,0,1.0
588,400,no_priors,no_fit,char,40,SNJ,47,1,0.645
589,400,no_priors,no_fit,char,40,SNJ,47,2,0.483
590,400,no_priors,no_fit,char,40,SNJ,47,3,0.396
591,400,no_priors,no_fit,char,40,SNJ,47,4,0.395
592,400,no_priors,no_fit,char,40,SNJ,47,5,0.484
593,400,no_priors,no_fit,char,40,SNJ,47,6,0.713
594,400,no_priors,no_fit,char,40,SNJ,47,7,0.791
595,400,no_priors,no_fit,char,40,SNJ,47,8,0.76
596,400,no_priors,no_fit,char,40,SNJ,47,9,0.7
597,400,no_priors,no_fit,char,40,SNJ,47,10,0.587
598,400,no_priors,no_fit,char,40,SNJ,47,11,0.766
599,400,no_priors,no_fit,char,40,SNJ,47,12,0.732
600,400,no_priors,no_fit,char,40,SNJ,48,0,0.303
601,400,no_priors,no_fit,char,40,SNJ,48,1,0.393
602,400,no_priors,no_fit,char,40,SNJ,48,2,0.528
603,400,no_priors,no_fit,char,40,SNJ,48,3,0.658
604,400,no_priors,no_fit,char,40,SNJ,48,4,0.769
605,400,no_priors,no_fit,char,40,SNJ,48,5,0.995
606,400,no_priors,no_fit,char,40,SNJ,48,6,0.768
607,400,no_priors,no_fit,char,40,SNJ,48,7,0.966
608,400,no_priors,no_fit,char,40,SNJ,48,8,0.542
609,400,no_priors,no_fit,char,40,SNJ,48,9,0.681
610,400,no_priors,no_fit,char,40,SNJ,48,10,0.677
611,400,no_priors,no_fit,char,40,SNJ,48,11,0.562
612,400,no_priors,no_fit,char,40,SNJ,48,12,0.638
613,400,no_priors,no_fit,char,40,SNJ,49,0,0.474
614,400,no_priors,no_fit,char,40,SNJ,49,1,0.917
615,400,no_priors,no_fit,char,40,SNJ,49,2,0.824
616,400,no_priors,no_fit,char,40,SNJ,49,3,0.989
617,400,no_priors,no_fit,char,40,SNJ,49,4,0.832
618,400,no_priors,no_fit,char,40,SNJ,49,5,0.641
619,400,no_priors,no_fit,char,40,SNJ,49,6,0.906
620,400,no_priors,no_fit,char,40,SNJ,49,7,0.657
621,400,no_priors,no_fit,char,40,SNJ,49,8,0.826
622,400,no_priors,no_fit,char,40,SNJ,49,9,0.792
623,400,no_priors,no_fit,char,40,SNJ,49,10,0.827
624,400,no_priors,no_fit,char,40,SNJ,49,11,0.56
